{
	"class_name" : "PinholeCameraParameters",
	"extrinsic" : 
	[
		1.0,
		-0.0,
		-0.0,
		0.0,
		0.0,
		-1.0,
		-0.0,
		0.0,
		0.0,
		-0.0,
		-1.0,
		0.0,
		-499.14157809392077,
		139.26794035882176,
		979.13112490516596,
		1.0
	],
	"intrinsic" : 
	{
		"height" : 1403,
		"intrinsic_matrix" : 
		[
			1215.0336415095676,
			0.0,
			0.0,
			0.0,
			1215.0336415095676,
			0.0,
			1279.5,
			701.0,
			1.0
		],
		"width" : 2560
	},
	"version_major" : 1,
	"version_minor" : 0
}